safe_task,harmed_task,directions,metric
isordered_0_10,isrepeating_0_10,0,spaces/interference_dim/isrepeating_0_10_to_isordered_0_10
isordered_0_10,Majority_0_10,0,spaces/interference_dim/Majority_0_10_to_isordered_0_10
isordered_0_10,tribe_3_4,0,spaces/interference_dim/tribe_3_4_to_isordered_0_10
isordered_0_10,mean_majority_parity_5,0,spaces/interference_dim/mean_majority_parity_5_to_isordered_0_10
isordered_0_10,mean_tribe_majority_tail,0,spaces/interference_dim/mean_tribe_majority_tail_to_isordered_0_10
isordered_0_10,mean_middle_majority_parity_10,0,spaces/interference_dim/mean_middle_majority_parity_10_to_isordered_0_10
isordered_0_10,mean_tribe_2_5_majority_tail,0,spaces/interference_dim/mean_tribe_2_5_majority_tail_to_isordered_0_10
isrepeating_0_10,isordered_0_10,0,spaces/interference_dim/isordered_0_10_to_isrepeating_0_10
isrepeating_0_10,Majority_0_10,0,spaces/interference_dim/Majority_0_10_to_isrepeating_0_10
isrepeating_0_10,tribe_3_4,0,spaces/interference_dim/tribe_3_4_to_isrepeating_0_10
isrepeating_0_10,mean_majority_parity_5,0,spaces/interference_dim/mean_majority_parity_5_to_isrepeating_0_10
isrepeating_0_10,mean_tribe_majority_tail,0,spaces/interference_dim/mean_tribe_majority_tail_to_isrepeating_0_10
isrepeating_0_10,mean_middle_majority_parity_10,0,spaces/interference_dim/mean_middle_majority_parity_10_to_isrepeating_0_10
isrepeating_0_10,mean_tribe_2_5_majority_tail,0,spaces/interference_dim/mean_tribe_2_5_majority_tail_to_isrepeating_0_10
Majority_0_10,isordered_0_10,0,spaces/interference_dim/isordered_0_10_to_Majority_0_10
Majority_0_10,isrepeating_0_10,0,spaces/interference_dim/isrepeating_0_10_to_Majority_0_10
Majority_0_10,tribe_3_4,0,spaces/interference_dim/tribe_3_4_to_Majority_0_10
Majority_0_10,mean_majority_parity_5,0,spaces/interference_dim/mean_majority_parity_5_to_Majority_0_10
Majority_0_10,mean_tribe_majority_tail,0,spaces/interference_dim/mean_tribe_majority_tail_to_Majority_0_10
Majority_0_10,mean_middle_majority_parity_10,0,spaces/interference_dim/mean_middle_majority_parity_10_to_Majority_0_10
Majority_0_10,mean_tribe_2_5_majority_tail,0,spaces/interference_dim/mean_tribe_2_5_majority_tail_to_Majority_0_10
tribe_3_4,isordered_0_10,0,spaces/interference_dim/isordered_0_10_to_tribe_3_4
tribe_3_4,isrepeating_0_10,0,spaces/interference_dim/isrepeating_0_10_to_tribe_3_4
tribe_3_4,Majority_0_10,0,spaces/interference_dim/Majority_0_10_to_tribe_3_4
tribe_3_4,mean_majority_parity_5,0,spaces/interference_dim/mean_majority_parity_5_to_tribe_3_4
tribe_3_4,mean_tribe_majority_tail,0,spaces/interference_dim/mean_tribe_majority_tail_to_tribe_3_4
tribe_3_4,mean_middle_majority_parity_10,0,spaces/interference_dim/mean_middle_majority_parity_10_to_tribe_3_4
tribe_3_4,mean_tribe_2_5_majority_tail,0,spaces/interference_dim/mean_tribe_2_5_majority_tail_to_tribe_3_4
mean_majority_parity_5,isordered_0_10,0,spaces/interference_dim/isordered_0_10_to_mean_majority_parity_5
mean_majority_parity_5,isrepeating_0_10,0,spaces/interference_dim/isrepeating_0_10_to_mean_majority_parity_5
mean_majority_parity_5,Majority_0_10,0,spaces/interference_dim/Majority_0_10_to_mean_majority_parity_5
mean_majority_parity_5,tribe_3_4,0,spaces/interference_dim/tribe_3_4_to_mean_majority_parity_5
mean_majority_parity_5,mean_tribe_majority_tail,0,spaces/interference_dim/mean_tribe_majority_tail_to_mean_majority_parity_5
mean_majority_parity_5,mean_middle_majority_parity_10,0,spaces/interference_dim/mean_middle_majority_parity_10_to_mean_majority_parity_5
mean_majority_parity_5,mean_tribe_2_5_majority_tail,0,spaces/interference_dim/mean_tribe_2_5_majority_tail_to_mean_majority_parity_5
mean_tribe_majority_tail,isordered_0_10,0,spaces/interference_dim/isordered_0_10_to_mean_tribe_majority_tail
mean_tribe_majority_tail,isrepeating_0_10,0,spaces/interference_dim/isrepeating_0_10_to_mean_tribe_majority_tail
mean_tribe_majority_tail,Majority_0_10,0,spaces/interference_dim/Majority_0_10_to_mean_tribe_majority_tail
mean_tribe_majority_tail,tribe_3_4,0,spaces/interference_dim/tribe_3_4_to_mean_tribe_majority_tail
mean_tribe_majority_tail,mean_majority_parity_5,0,spaces/interference_dim/mean_majority_parity_5_to_mean_tribe_majority_tail
mean_tribe_majority_tail,mean_middle_majority_parity_10,0,spaces/interference_dim/mean_middle_majority_parity_10_to_mean_tribe_majority_tail
mean_tribe_majority_tail,mean_tribe_2_5_majority_tail,0,spaces/interference_dim/mean_tribe_2_5_majority_tail_to_mean_tribe_majority_tail
mean_middle_majority_parity_10,isordered_0_10,0,spaces/interference_dim/isordered_0_10_to_mean_middle_majority_parity_10
mean_middle_majority_parity_10,isrepeating_0_10,0,spaces/interference_dim/isrepeating_0_10_to_mean_middle_majority_parity_10
mean_middle_majority_parity_10,Majority_0_10,0,spaces/interference_dim/Majority_0_10_to_mean_middle_majority_parity_10
mean_middle_majority_parity_10,tribe_3_4,0,spaces/interference_dim/tribe_3_4_to_mean_middle_majority_parity_10
mean_middle_majority_parity_10,mean_majority_parity_5,0,spaces/interference_dim/mean_majority_parity_5_to_mean_middle_majority_parity_10
mean_middle_majority_parity_10,mean_tribe_majority_tail,0,spaces/interference_dim/mean_tribe_majority_tail_to_mean_middle_majority_parity_10
mean_middle_majority_parity_10,mean_tribe_2_5_majority_tail,0,spaces/interference_dim/mean_tribe_2_5_majority_tail_to_mean_middle_majority_parity_10
mean_tribe_2_5_majority_tail,isordered_0_10,0,spaces/interference_dim/isordered_0_10_to_mean_tribe_2_5_majority_tail
mean_tribe_2_5_majority_tail,isrepeating_0_10,0,spaces/interference_dim/isrepeating_0_10_to_mean_tribe_2_5_majority_tail
mean_tribe_2_5_majority_tail,Majority_0_10,0,spaces/interference_dim/Majority_0_10_to_mean_tribe_2_5_majority_tail
mean_tribe_2_5_majority_tail,tribe_3_4,0,spaces/interference_dim/tribe_3_4_to_mean_tribe_2_5_majority_tail
mean_tribe_2_5_majority_tail,mean_majority_parity_5,0,spaces/interference_dim/mean_majority_parity_5_to_mean_tribe_2_5_majority_tail
mean_tribe_2_5_majority_tail,mean_tribe_majority_tail,0,spaces/interference_dim/mean_tribe_majority_tail_to_mean_tribe_2_5_majority_tail
mean_tribe_2_5_majority_tail,mean_middle_majority_parity_10,0,spaces/interference_dim/mean_middle_majority_parity_10_to_mean_tribe_2_5_majority_tail
