start,end,source,target,n,median,positive_fraction
100,1000,tribe_5_5,tribe_5_5,10,0.003057055175304413,0.6
100,1000,tribe_5_5,tribe_5_4,10,0.01593184843659401,0.7
100,1000,tribe_5_5,majority,10,-0.10030700266361237,0.0
100,1000,tribe_5_5,parity,10,-0.01459573209285736,0.4
100,1000,tribe_5_5,parity_10,10,-0.06318493187427521,0.0
100,1000,tribe_5_5,Majority_10,10,-0.046566858887672424,0.0
100,1000,tribe_5_5,weighted_voting_29,10,0.008136004209518433,0.6
100,1000,tribe_5_5,hamming_weight_square_wave_29_4,10,-0.03199651837348938,0.0
100,1000,tribe_5_4,tribe_5_5,10,0.005258150398731232,0.8
100,1000,tribe_5_4,tribe_5_4,10,0.01839228719472885,0.8
100,1000,tribe_5_4,majority,10,-0.09851504117250443,0.0
100,1000,tribe_5_4,parity,10,-0.013661965727806091,0.4
100,1000,tribe_5_4,parity_10,10,-0.05364111065864563,0.0
100,1000,tribe_5_4,Majority_10,10,-0.052228935062885284,0.0
100,1000,tribe_5_4,weighted_voting_29,10,0.005847252905368805,0.5
100,1000,tribe_5_4,hamming_weight_square_wave_29_4,10,-0.03624561429023743,0.0
100,1000,majority,tribe_5_5,10,0.0002922751009464264,0.5
100,1000,majority,tribe_5_4,10,-0.008964646607637405,0.4
100,1000,majority,majority,10,0.014313779771327972,0.6
100,1000,majority,parity,10,-0.019641846418380737,0.0
100,1000,majority,parity_10,10,-0.00794057548046112,0.3
100,1000,majority,Majority_10,10,-0.007015243172645569,0.4
100,1000,majority,weighted_voting_29,10,0.011604122817516327,0.8
100,1000,majority,hamming_weight_square_wave_29_4,10,-0.014474868774414062,0.0
100,1000,parity,tribe_5_5,10,0.005536239594221115,0.7
100,1000,parity,tribe_5_4,10,0.009229689836502075,0.6
100,1000,parity,majority,10,-0.04951400309801102,0.2
100,1000,parity,parity,10,0.016679301857948303,1.0
100,1000,parity,parity_10,10,-0.010937809944152832,0.2
100,1000,parity,Majority_10,10,-0.014934293925762177,0.4
100,1000,parity,weighted_voting_29,10,-0.008927203714847565,0.5
100,1000,parity,hamming_weight_square_wave_29_4,10,-0.008748374879360199,0.4
100,1000,parity_10,tribe_5_5,10,-0.07791411131620407,0.0
100,1000,parity_10,tribe_5_4,10,-0.08182493224740028,0.0
100,1000,parity_10,majority,10,0.019097916781902313,0.7
100,1000,parity_10,parity,10,-0.03512805700302124,0.0
100,1000,parity_10,parity_10,10,-0.01278752088546753,0.2
100,1000,parity_10,Majority_10,10,-0.013227134943008423,0.3
100,1000,parity_10,weighted_voting_29,10,-0.06512086093425751,0.0
100,1000,parity_10,hamming_weight_square_wave_29_4,10,-0.003998264670372009,0.3
100,1000,Majority_10,tribe_5_5,10,0.0008357763290405273,0.5
100,1000,Majority_10,tribe_5_4,10,-0.009879250079393387,0.4
100,1000,Majority_10,majority,10,-0.022224828600883484,0.3
100,1000,Majority_10,parity,10,-0.02008061110973358,0.1
100,1000,Majority_10,parity_10,10,-0.029877975583076477,0.1
100,1000,Majority_10,Majority_10,10,0.010275281965732574,0.7
100,1000,Majority_10,weighted_voting_29,10,-0.03578512370586395,0.2
100,1000,Majority_10,hamming_weight_square_wave_29_4,10,-0.024219252169132233,0.0
100,1000,weighted_voting_29,tribe_5_5,10,0.0042692385613918304,0.6
100,1000,weighted_voting_29,tribe_5_4,10,0.009309712797403336,0.7
100,1000,weighted_voting_29,majority,10,-0.0663890391588211,0.2
100,1000,weighted_voting_29,parity,10,-0.013420134782791138,0.4
100,1000,weighted_voting_29,parity_10,10,-0.03365921974182129,0.1
100,1000,weighted_voting_29,Majority_10,10,-0.04081932455301285,0.0
100,1000,weighted_voting_29,weighted_voting_29,10,0.0212850421667099,1.0
100,1000,weighted_voting_29,hamming_weight_square_wave_29_4,10,-0.02485068142414093,0.0
100,1000,hamming_weight_square_wave_29_4,tribe_5_5,10,-0.05783050134778023,0.0
100,1000,hamming_weight_square_wave_29_4,tribe_5_4,10,-0.0797501765191555,0.0
100,1000,hamming_weight_square_wave_29_4,majority,10,0.023086555302143097,0.7
100,1000,hamming_weight_square_wave_29_4,parity,10,-0.04828992486000061,0.0
100,1000,hamming_weight_square_wave_29_4,parity_10,10,-0.01022881269454956,0.2
100,1000,hamming_weight_square_wave_29_4,Majority_10,10,-0.007058680057525635,0.4
100,1000,hamming_weight_square_wave_29_4,weighted_voting_29,10,-0.05792601406574249,0.0
100,1000,hamming_weight_square_wave_29_4,hamming_weight_square_wave_29_4,10,-0.015391916036605835,0.2
1100,3000,tribe_5_5,tribe_5_5,20,-0.01633957400918007,0.1
1100,3000,tribe_5_5,tribe_5_4,20,-0.015059571713209152,0.05
1100,3000,tribe_5_5,majority,20,-0.030459625646471977,0.0
1100,3000,tribe_5_5,parity,20,-0.010300762951374054,0.15
1100,3000,tribe_5_5,parity_10,20,-0.022221505641937256,0.05
1100,3000,tribe_5_5,Majority_10,20,-0.06436212360858917,0.0
1100,3000,tribe_5_5,weighted_voting_29,20,-0.018746444955468178,0.0
1100,3000,tribe_5_5,hamming_weight_square_wave_29_4,20,-0.011265269480645657,0.0
1100,3000,tribe_5_4,tribe_5_5,20,-0.011788416653871536,0.05
1100,3000,tribe_5_4,tribe_5_4,20,-0.008964810520410538,0.2
1100,3000,tribe_5_4,majority,20,-0.01437707431614399,0.0
1100,3000,tribe_5_4,parity,20,-0.0025885477662086487,0.35
1100,3000,tribe_5_4,parity_10,20,-0.006216228008270264,0.1
1100,3000,tribe_5_4,Majority_10,20,-0.021190322935581207,0.05
1100,3000,tribe_5_4,weighted_voting_29,20,-0.008888885378837585,0.05
1100,3000,tribe_5_4,hamming_weight_square_wave_29_4,20,-0.007855558767914772,0.05
1100,3000,majority,tribe_5_5,20,-0.0014485567808151245,0.35
1100,3000,majority,tribe_5_4,20,-0.0021306034177541733,0.2
1100,3000,majority,majority,20,-0.10860639438033104,0.0
1100,3000,majority,parity,20,-0.020026780664920807,0.0
1100,3000,majority,parity_10,20,-0.0032893717288970947,0.25
1100,3000,majority,Majority_10,20,-0.006841994822025299,0.1
1100,3000,majority,weighted_voting_29,20,-0.09890764579176903,0.0
1100,3000,majority,hamming_weight_square_wave_29_4,20,-0.0414270032197237,0.0
1100,3000,parity,tribe_5_5,20,-0.001620013266801834,0.3
1100,3000,parity,tribe_5_4,20,-0.004422459751367569,0.15
1100,3000,parity,majority,20,-0.01377120427787304,0.05
1100,3000,parity,parity,20,-0.019670963287353516,0.05
1100,3000,parity,parity_10,20,0.0004439800977706909,0.55
1100,3000,parity,Majority_10,20,-0.026202812790870667,0.0
1100,3000,parity,weighted_voting_29,20,-0.0015300288796424866,0.25
1100,3000,parity,hamming_weight_square_wave_29_4,20,-0.02779414039105177,0.0
1100,3000,parity_10,tribe_5_5,20,-0.04558432474732399,0.0
1100,3000,parity_10,tribe_5_4,20,-0.029796449467539787,0.0
1100,3000,parity_10,majority,20,-0.020438571460545063,0.0
1100,3000,parity_10,parity,20,-0.017355941236019135,0.0
1100,3000,parity_10,parity_10,20,-0.055133700370788574,0.0
1100,3000,parity_10,Majority_10,20,-0.01676778867840767,0.1
1100,3000,parity_10,weighted_voting_29,20,-0.017858054488897324,0.1
1100,3000,parity_10,hamming_weight_square_wave_29_4,20,-0.011248921509832144,0.0
1100,3000,Majority_10,tribe_5_5,20,-0.016924124211072922,0.15
1100,3000,Majority_10,tribe_5_4,20,-0.02313408814370632,0.05
1100,3000,Majority_10,majority,20,-0.011809222400188446,0.05
1100,3000,Majority_10,parity,20,-0.010401211678981781,0.1
1100,3000,Majority_10,parity_10,20,-0.034190207719802856,0.0
1100,3000,Majority_10,Majority_10,20,-0.007172204554080963,0.4
1100,3000,Majority_10,weighted_voting_29,20,-0.008004117757081985,0.15
1100,3000,Majority_10,hamming_weight_square_wave_29_4,20,-0.005648761056363583,0.05
1100,3000,weighted_voting_29,tribe_5_5,20,-0.006665453314781189,0.0
1100,3000,weighted_voting_29,tribe_5_4,20,-0.0051230862736701965,0.0
1100,3000,weighted_voting_29,majority,20,-0.060843463987112045,0.0
1100,3000,weighted_voting_29,parity,20,-0.017464153468608856,0.0
1100,3000,weighted_voting_29,parity_10,20,-0.008155494928359985,0.0
1100,3000,weighted_voting_29,Majority_10,20,0.0033827312290668488,0.6
1100,3000,weighted_voting_29,weighted_voting_29,20,-0.08864649385213852,0.0
1100,3000,weighted_voting_29,hamming_weight_square_wave_29_4,20,-0.014859167858958244,0.05
1100,3000,hamming_weight_square_wave_29_4,tribe_5_5,20,-0.008518818765878677,0.3
1100,3000,hamming_weight_square_wave_29_4,tribe_5_4,20,-0.005384769290685654,0.2
1100,3000,hamming_weight_square_wave_29_4,majority,20,-0.016008115373551846,0.05
1100,3000,hamming_weight_square_wave_29_4,parity,20,-0.008945681154727936,0.15
1100,3000,hamming_weight_square_wave_29_4,parity_10,20,-0.0028662383556365967,0.3
1100,3000,hamming_weight_square_wave_29_4,Majority_10,20,-0.010058693587779999,0.1
1100,3000,hamming_weight_square_wave_29_4,weighted_voting_29,20,-0.008720651268959045,0.3
1100,3000,hamming_weight_square_wave_29_4,hamming_weight_square_wave_29_4,20,-0.026600312441587448,0.0
3100,7000,tribe_5_5,tribe_5_5,40,-0.022773034870624542,0.0
3100,7000,tribe_5_5,tribe_5_4,40,-0.019611947238445282,0.0
3100,7000,tribe_5_5,majority,40,-0.014276682399213314,0.0
3100,7000,tribe_5_5,parity,40,-0.012548981234431267,0.075
3100,7000,tribe_5_5,parity_10,40,-0.03570127487182617,0.0
3100,7000,tribe_5_5,Majority_10,40,-0.05128481425344944,0.0
3100,7000,tribe_5_5,weighted_voting_29,40,-0.011496328748762608,0.075
3100,7000,tribe_5_5,hamming_weight_square_wave_29_4,40,-0.002009339106734842,0.1
3100,7000,tribe_5_4,tribe_5_5,40,-0.013950884342193604,0.05
3100,7000,tribe_5_4,tribe_5_4,40,-0.025210309773683548,0.0
3100,7000,tribe_5_4,majority,40,-0.012880193069577217,0.025
3100,7000,tribe_5_4,parity,40,-0.026419533416628838,0.05
3100,7000,tribe_5_4,parity_10,40,-0.022388300858438015,0.0
3100,7000,tribe_5_4,Majority_10,40,-0.05414621718227863,0.0
3100,7000,tribe_5_4,weighted_voting_29,40,-0.00613397266715765,0.075
3100,7000,tribe_5_4,hamming_weight_square_wave_29_4,40,-0.0018399067339487374,0.1
3100,7000,majority,tribe_5_5,40,-0.025317557156085968,0.075
3100,7000,majority,tribe_5_4,40,-0.017075713723897934,0.175
3100,7000,majority,majority,40,-0.05544564500451088,0.0
3100,7000,majority,parity,40,-0.040473196655511856,0.0
3100,7000,majority,parity_10,40,-0.017575105652213097,0.15
3100,7000,majority,Majority_10,40,-0.009296860080212355,0.1
3100,7000,majority,weighted_voting_29,40,-0.027794386260211468,0.0
3100,7000,majority,hamming_weight_square_wave_29_4,40,-0.0077240122482180595,0.025
3100,7000,parity,tribe_5_5,40,-0.0014989003539085388,0.275
3100,7000,parity,tribe_5_4,40,-0.00210447795689106,0.225
3100,7000,parity,majority,40,-0.03281684033572674,0.0
3100,7000,parity,parity,40,-0.14735333621501923,0.0
3100,7000,parity,parity_10,40,-0.0021996665745973587,0.35
3100,7000,parity,Majority_10,40,-0.006198578746989369,0.05
3100,7000,parity,weighted_voting_29,40,-0.01679909136146307,0.05
3100,7000,parity,hamming_weight_square_wave_29_4,40,-0.015219672583043575,0.0
3100,7000,parity_10,tribe_5_5,40,-0.014442626386880875,0.075
3100,7000,parity_10,tribe_5_4,40,-0.01230953261256218,0.075
3100,7000,parity_10,majority,40,-0.005962212802842259,0.0
3100,7000,parity_10,parity,40,-0.010275868698954582,0.125
3100,7000,parity_10,parity_10,40,-0.13259248435497284,0.0
3100,7000,parity_10,Majority_10,40,-0.06112602353096008,0.075
3100,7000,parity_10,weighted_voting_29,40,-0.021456772461533546,0.05
3100,7000,parity_10,hamming_weight_square_wave_29_4,40,-0.0026990071637555957,0.05
3100,7000,Majority_10,tribe_5_5,40,-0.013157390058040619,0.075
3100,7000,Majority_10,tribe_5_4,40,-0.018358007073402405,0.125
3100,7000,Majority_10,majority,40,-0.00541555997915566,0.075
3100,7000,Majority_10,parity,40,-0.010737275704741478,0.05
3100,7000,Majority_10,parity_10,40,-0.040615130215883255,0.05
3100,7000,Majority_10,Majority_10,40,-0.05422837287187576,0.025
3100,7000,Majority_10,weighted_voting_29,40,-0.013435671105980873,0.075
3100,7000,Majority_10,hamming_weight_square_wave_29_4,40,-0.0025069438852369785,0.1
3100,7000,weighted_voting_29,tribe_5_5,40,-0.0029290616512298584,0.15
3100,7000,weighted_voting_29,tribe_5_4,40,-0.005250347778201103,0.15
3100,7000,weighted_voting_29,majority,40,-0.05751275457441807,0.0
3100,7000,weighted_voting_29,parity,40,-0.0651732012629509,0.0
3100,7000,weighted_voting_29,parity_10,40,-0.03141706809401512,0.05
3100,7000,weighted_voting_29,Majority_10,40,-0.012308523990213871,0.025
3100,7000,weighted_voting_29,weighted_voting_29,40,-0.0919911339879036,0.0
3100,7000,weighted_voting_29,hamming_weight_square_wave_29_4,40,-0.010808610823005438,0.025
3100,7000,hamming_weight_square_wave_29_4,tribe_5_5,40,-0.02727474272251129,0.025
3100,7000,hamming_weight_square_wave_29_4,tribe_5_4,40,-0.024094726890325546,0.0
3100,7000,hamming_weight_square_wave_29_4,majority,40,-0.01663414016366005,0.025
3100,7000,hamming_weight_square_wave_29_4,parity,40,-0.0160104651004076,0.025
3100,7000,hamming_weight_square_wave_29_4,parity_10,40,-0.01117640919983387,0.1
3100,7000,hamming_weight_square_wave_29_4,Majority_10,40,-0.009572307579219341,0.1
3100,7000,hamming_weight_square_wave_29_4,weighted_voting_29,40,-0.013890940696001053,0.025
3100,7000,hamming_weight_square_wave_29_4,hamming_weight_square_wave_29_4,40,-0.019712254405021667,0.025
7100,12000,tribe_5_5,tribe_5_5,50,-0.049636613577604294,0.0
7100,12000,tribe_5_5,tribe_5_4,50,-0.03212321363389492,0.0
7100,12000,tribe_5_5,majority,50,-0.013137318193912506,0.04
7100,12000,tribe_5_5,parity,50,-0.006848051678389311,0.08
7100,12000,tribe_5_5,parity_10,50,-0.06417262926697731,0.0
7100,12000,tribe_5_5,Majority_10,50,-0.03404550999403,0.0
7100,12000,tribe_5_5,weighted_voting_29,50,-0.017643955536186695,0.1
7100,12000,tribe_5_5,hamming_weight_square_wave_29_4,50,-0.0015239118947647512,0.02
7100,12000,tribe_5_4,tribe_5_5,50,-0.045366961508989334,0.0
7100,12000,tribe_5_4,tribe_5_4,50,-0.042913949117064476,0.0
7100,12000,tribe_5_4,majority,50,-0.009834484197199345,0.04
7100,12000,tribe_5_4,parity,50,-0.013683428056538105,0.02
7100,12000,tribe_5_4,parity_10,50,-0.05665523558855057,0.0
7100,12000,tribe_5_4,Majority_10,50,-0.033825382590293884,0.0
7100,12000,tribe_5_4,weighted_voting_29,50,-0.013949898537248373,0.22
7100,12000,tribe_5_4,hamming_weight_square_wave_29_4,50,-0.0010685021989047527,0.08
7100,12000,majority,tribe_5_5,50,-0.0342923067510128,0.02
7100,12000,majority,tribe_5_4,50,-0.013286922127008438,0.12
7100,12000,majority,majority,50,-0.047876108437776566,0.0
7100,12000,majority,parity,50,-0.02872440777719021,0.0
7100,12000,majority,parity_10,50,-0.015928947366774082,0.04
7100,12000,majority,Majority_10,50,-0.006561273941770196,0.02
7100,12000,majority,weighted_voting_29,50,-0.014737806282937527,0.1
7100,12000,majority,hamming_weight_square_wave_29_4,50,-0.005798421334475279,0.0
7100,12000,parity,tribe_5_5,50,-0.010568778961896896,0.08
7100,12000,parity,tribe_5_4,50,-0.011941585689783096,0.12
7100,12000,parity,majority,50,-0.031063404865562916,0.0
7100,12000,parity,parity,50,-0.20009233057498932,0.0
7100,12000,parity,parity_10,50,-0.00478159380145371,0.08
7100,12000,parity,Majority_10,50,-0.004467520862817764,0.04
7100,12000,parity,weighted_voting_29,50,-0.022379068657755852,0.14
7100,12000,parity,hamming_weight_square_wave_29_4,50,-0.00863700918853283,0.0
7100,12000,parity_10,tribe_5_5,50,-0.01649003103375435,0.1
7100,12000,parity_10,tribe_5_4,50,-0.011947974562644958,0.26
7100,12000,parity_10,majority,50,-0.008180840406566858,0.08
7100,12000,parity_10,parity,50,-0.005025560036301613,0.16
7100,12000,parity_10,parity_10,50,-0.24096229672431946,0.0
7100,12000,parity_10,Majority_10,50,-0.055611368268728256,0.0
7100,12000,parity_10,weighted_voting_29,50,-0.024299539625644684,0.08
7100,12000,parity_10,hamming_weight_square_wave_29_4,50,-0.0020343365613371134,0.08
7100,12000,Majority_10,tribe_5_5,50,-0.023454241454601288,0.0
7100,12000,Majority_10,tribe_5_4,50,-0.021205561235547066,0.1
7100,12000,Majority_10,majority,50,-0.00878519518300891,0.0
7100,12000,Majority_10,parity,50,-0.014623012393712997,0.08
7100,12000,Majority_10,parity_10,50,-0.06083507649600506,0.0
7100,12000,Majority_10,Majority_10,50,-0.04810597002506256,0.0
7100,12000,Majority_10,weighted_voting_29,50,-0.016118202358484268,0.12
7100,12000,Majority_10,hamming_weight_square_wave_29_4,50,-0.0017840444343164563,0.04
7100,12000,weighted_voting_29,tribe_5_5,50,-0.002465318888425827,0.1
7100,12000,weighted_voting_29,tribe_5_4,50,-0.004027394577860832,0.14
7100,12000,weighted_voting_29,majority,50,-0.027664643712341785,0.02
7100,12000,weighted_voting_29,parity,50,-0.042486878111958504,0.0
7100,12000,weighted_voting_29,parity_10,50,-0.1321314051747322,0.0
7100,12000,weighted_voting_29,Majority_10,50,-0.013082041405141354,0.02
7100,12000,weighted_voting_29,weighted_voting_29,50,-0.1225932128727436,0.0
7100,12000,weighted_voting_29,hamming_weight_square_wave_29_4,50,-0.005826067412272096,0.02
7100,12000,hamming_weight_square_wave_29_4,tribe_5_5,50,-0.025748416781425476,0.02
7100,12000,hamming_weight_square_wave_29_4,tribe_5_4,50,-0.0222741961479187,0.0
7100,12000,hamming_weight_square_wave_29_4,majority,50,-0.01764900516718626,0.0
7100,12000,hamming_weight_square_wave_29_4,parity,50,-0.019990870729088783,0.0
7100,12000,hamming_weight_square_wave_29_4,parity_10,50,-0.01435810374096036,0.0
7100,12000,hamming_weight_square_wave_29_4,Majority_10,50,-0.008974249474704266,0.0
7100,12000,hamming_weight_square_wave_29_4,weighted_voting_29,50,-0.012948649004101753,0.04
7100,12000,hamming_weight_square_wave_29_4,hamming_weight_square_wave_29_4,50,-0.025549029000103474,0.0
12100,20000,tribe_5_5,tribe_5_5,80,-0.06355229020118713,0.0
12100,20000,tribe_5_5,tribe_5_4,80,-0.05163978599011898,0.0
12100,20000,tribe_5_5,majority,80,-0.00560335093177855,0.05
12100,20000,tribe_5_5,parity,80,-0.003237541299313307,0.2
12100,20000,tribe_5_5,parity_10,80,-0.02935829386115074,0.0125
12100,20000,tribe_5_5,Majority_10,80,-0.010086717549711466,0.0
12100,20000,tribe_5_5,weighted_voting_29,80,-0.0053838035091757774,0.3375
12100,20000,tribe_5_5,hamming_weight_square_wave_29_4,80,-0.0005865425337105989,0.0875
12100,20000,tribe_5_4,tribe_5_5,80,-0.05667293258011341,0.0125
12100,20000,tribe_5_4,tribe_5_4,80,-0.05257820710539818,0.0125
12100,20000,tribe_5_4,majority,80,-0.004960524616762996,0.025
12100,20000,tribe_5_4,parity,80,-0.006601902889087796,0.1375
12100,20000,tribe_5_4,parity_10,80,-0.016293476335704327,0.0
12100,20000,tribe_5_4,Majority_10,80,-0.010369709692895412,0.0125
12100,20000,tribe_5_4,weighted_voting_29,80,-0.005703689064830542,0.325
12100,20000,tribe_5_4,hamming_weight_square_wave_29_4,80,-0.0008446576539427042,0.1
12100,20000,majority,tribe_5_5,80,-0.03292106278240681,0.025
12100,20000,majority,tribe_5_4,80,-0.017443140968680382,0.05
12100,20000,majority,majority,80,-0.043339600786566734,0.0
12100,20000,majority,parity,80,-0.025568279437720776,0.0125
12100,20000,majority,parity_10,80,-0.017027449794113636,0.0
12100,20000,majority,Majority_10,80,-0.005276554962620139,0.0
12100,20000,majority,weighted_voting_29,80,-0.012867224402725697,0.125
12100,20000,majority,hamming_weight_square_wave_29_4,80,-0.005296057090163231,0.0
12100,20000,parity,tribe_5_5,80,-0.010635513812303543,0.0875
12100,20000,parity,tribe_5_4,80,-0.013681662268936634,0.1
12100,20000,parity,majority,80,-0.017834956757724285,0.0125
12100,20000,parity,parity,80,-0.1319495290517807,0.0
12100,20000,parity,parity_10,80,-0.0026228083297610283,0.1375
12100,20000,parity,Majority_10,80,-0.0020720455795526505,0.125
12100,20000,parity,weighted_voting_29,80,-0.018599748611450195,0.1625
12100,20000,parity,hamming_weight_square_wave_29_4,80,-0.004026397597044706,0.0125
12100,20000,parity_10,tribe_5_5,80,-0.013917956501245499,0.1625
12100,20000,parity_10,tribe_5_4,80,-0.006763143930584192,0.2
12100,20000,parity_10,majority,80,-0.006366876419633627,0.05
12100,20000,parity_10,parity,80,-0.0036291388096287847,0.175
12100,20000,parity_10,parity_10,80,-0.07886918261647224,0.0
12100,20000,parity_10,Majority_10,80,-0.021012229844927788,0.0125
12100,20000,parity_10,weighted_voting_29,80,-0.013321809936314821,0.2
12100,20000,parity_10,hamming_weight_square_wave_29_4,80,-0.001168285496532917,0.1
12100,20000,Majority_10,tribe_5_5,80,-0.018547629937529564,0.125
12100,20000,Majority_10,tribe_5_4,80,-0.016754483804106712,0.075
12100,20000,Majority_10,majority,80,-0.0036780654918402433,0.0625
12100,20000,Majority_10,parity,80,-0.00829874537885189,0.1625
12100,20000,Majority_10,parity_10,80,-0.035207539796829224,0.0
12100,20000,Majority_10,Majority_10,80,-0.029419315047562122,0.0
12100,20000,Majority_10,weighted_voting_29,80,-0.02081057894974947,0.2125
12100,20000,Majority_10,hamming_weight_square_wave_29_4,80,-0.0011738048633560538,0.05
12100,20000,weighted_voting_29,tribe_5_5,80,-0.003445405513048172,0.15
12100,20000,weighted_voting_29,tribe_5_4,80,-0.004568764707073569,0.1625
12100,20000,weighted_voting_29,majority,80,-0.015722902957350016,0.05
12100,20000,weighted_voting_29,parity,80,-0.027653489261865616,0.05
12100,20000,weighted_voting_29,parity_10,80,-0.10775420814752579,0.0125
12100,20000,weighted_voting_29,Majority_10,80,-0.011853794567286968,0.0125
12100,20000,weighted_voting_29,weighted_voting_29,80,-0.10144348815083504,0.0
12100,20000,weighted_voting_29,hamming_weight_square_wave_29_4,80,-0.0019680673722177744,0.1125
12100,20000,hamming_weight_square_wave_29_4,tribe_5_5,80,-0.012267233803868294,0.0125
12100,20000,hamming_weight_square_wave_29_4,tribe_5_4,80,-0.010790273081511259,0.025
12100,20000,hamming_weight_square_wave_29_4,majority,80,-0.01556582935154438,0.0
12100,20000,hamming_weight_square_wave_29_4,parity,80,-0.013288085348904133,0.025
12100,20000,hamming_weight_square_wave_29_4,parity_10,80,-0.010829123668372631,0.0
12100,20000,hamming_weight_square_wave_29_4,Majority_10,80,-0.006173403933644295,0.0
12100,20000,hamming_weight_square_wave_29_4,weighted_voting_29,80,-0.01140593271702528,0.0625
12100,20000,hamming_weight_square_wave_29_4,hamming_weight_square_wave_29_4,80,-0.016405276954174042,0.0
20100,30000,tribe_5_5,tribe_5_5,100,-0.07392849028110504,0.0
20100,30000,tribe_5_5,tribe_5_4,100,-0.03540417738258839,0.01
20100,30000,tribe_5_5,majority,100,-0.002118161995895207,0.02
20100,30000,tribe_5_5,parity,100,-0.001955722807906568,0.14
20100,30000,tribe_5_5,parity_10,100,-0.0036093839444220066,0.02
20100,30000,tribe_5_5,Majority_10,100,-0.004491559695452452,0.02
20100,30000,tribe_5_5,weighted_voting_29,100,-0.0029497314244508743,0.35
20100,30000,tribe_5_5,hamming_weight_square_wave_29_4,100,-0.0004447037645149976,0.1
20100,30000,tribe_5_4,tribe_5_5,100,-0.07371025905013084,0.0
20100,30000,tribe_5_4,tribe_5_4,100,-0.06555405259132385,0.0
20100,30000,tribe_5_4,majority,100,-0.002587866736575961,0.01
20100,30000,tribe_5_4,parity,100,-0.004084066487848759,0.02
20100,30000,tribe_5_4,parity_10,100,-0.004430820466950536,0.01
20100,30000,tribe_5_4,Majority_10,100,-0.008286934345960617,0.02
20100,30000,tribe_5_4,weighted_voting_29,100,-0.002509767422452569,0.34
20100,30000,tribe_5_4,hamming_weight_square_wave_29_4,100,-0.0011957988608628511,0.05
20100,30000,majority,tribe_5_5,100,-0.007528230547904968,0.06
20100,30000,majority,tribe_5_4,100,-0.0030109932413324714,0.11
20100,30000,majority,majority,100,-0.03487276844680309,0.0
20100,30000,majority,parity,100,-0.012619650457054377,0.04
20100,30000,majority,parity_10,100,-0.011014196556061506,0.01
20100,30000,majority,Majority_10,100,-0.002208249527029693,0.01
20100,30000,majority,weighted_voting_29,100,-0.014278850983828306,0.08
20100,30000,majority,hamming_weight_square_wave_29_4,100,-0.0065605363342911005,0.0
20100,30000,parity,tribe_5_5,100,-0.025197666138410568,0.02
20100,30000,parity,tribe_5_4,100,-0.020436853170394897,0.01
20100,30000,parity,majority,100,-0.00694319000467658,0.01
20100,30000,parity,parity,100,-0.04945834539830685,0.0
20100,30000,parity,parity_10,100,-0.001967299380339682,0.11
20100,30000,parity,Majority_10,100,-0.002407316933386028,0.09
20100,30000,parity,weighted_voting_29,100,-0.005586582235991955,0.32
20100,30000,parity,hamming_weight_square_wave_29_4,100,-0.0014689875533804297,0.02
20100,30000,parity_10,tribe_5_5,100,-0.010089056566357613,0.1
20100,30000,parity_10,tribe_5_4,100,-0.004568283446133137,0.05
20100,30000,parity_10,majority,100,-0.007148805074393749,0.1
20100,30000,parity_10,parity,100,-0.0026218689745292068,0.2
20100,30000,parity_10,parity_10,100,-0.04651670157909393,0.0
20100,30000,parity_10,Majority_10,100,-0.013758284505456686,0.0
20100,30000,parity_10,weighted_voting_29,100,-0.022397808730602264,0.18
20100,30000,parity_10,hamming_weight_square_wave_29_4,100,-0.001842246565502137,0.09
20100,30000,Majority_10,tribe_5_5,100,-0.008338975720107555,0.04
20100,30000,Majority_10,tribe_5_4,100,-0.007389572449028492,0.03
20100,30000,Majority_10,majority,100,-0.0017869233270175755,0.03
20100,30000,Majority_10,parity,100,-0.004083981039002538,0.14
20100,30000,Majority_10,parity_10,100,-0.020597970113158226,0.0
20100,30000,Majority_10,Majority_10,100,-0.019240072928369045,0.0
20100,30000,Majority_10,weighted_voting_29,100,-0.014306502416729927,0.2
20100,30000,Majority_10,hamming_weight_square_wave_29_4,100,-0.0015020612627267838,0.04
20100,30000,weighted_voting_29,tribe_5_5,100,-0.001611284853424877,0.17
20100,30000,weighted_voting_29,tribe_5_4,100,-0.0007543825777247548,0.11
20100,30000,weighted_voting_29,majority,100,-0.007009344641119242,0.06
20100,30000,weighted_voting_29,parity,100,-0.014730698894709349,0.01
20100,30000,weighted_voting_29,parity_10,100,-0.08991346135735512,0.01
20100,30000,weighted_voting_29,Majority_10,100,-0.01184079609811306,0.01
20100,30000,weighted_voting_29,weighted_voting_29,100,-0.08715633302927017,0.01
20100,30000,weighted_voting_29,hamming_weight_square_wave_29_4,100,-0.0011070861364714801,0.07
20100,30000,hamming_weight_square_wave_29_4,tribe_5_5,100,-0.0025149285793304443,0.08
20100,30000,hamming_weight_square_wave_29_4,tribe_5_4,100,-0.0024328535655513406,0.1
20100,30000,hamming_weight_square_wave_29_4,majority,100,-0.008257463108748198,0.0
20100,30000,hamming_weight_square_wave_29_4,parity,100,-0.010285759344696999,0.06
20100,30000,hamming_weight_square_wave_29_4,parity_10,100,-0.004364396678283811,0.01
20100,30000,hamming_weight_square_wave_29_4,Majority_10,100,-0.003955055493861437,0.0
20100,30000,hamming_weight_square_wave_29_4,weighted_voting_29,100,-0.009185020811855793,0.24
20100,30000,hamming_weight_square_wave_29_4,hamming_weight_square_wave_29_4,100,-0.017600147053599358,0.0
