_step,included_primary
100,False
200,False
300,False
400,False
500,False
600,False
700,False
800,False
900,False
1000,False
1100,False
1200,False
1300,False
1400,False
1500,False
1600,False
1700,False
1800,False
1900,False
2000,False
2100,False
2200,False
2300,False
2400,False
2500,False
2600,False
2700,False
2800,False
2900,False
3000,False
3100,False
3200,False
3300,False
3400,False
3500,False
3600,False
3700,False
3800,False
3900,False
4000,False
4100,False
4200,False
4300,False
4400,False
4500,False
4600,False
4700,False
4800,False
4900,False
5000,False
5100,False
5200,False
5300,False
5400,False
5500,False
5600,False
5700,False
5800,False
5900,False
6000,False
6100,False
6200,False
6300,False
6400,False
6500,False
6600,False
6700,False
6800,False
6900,False
7000,False
7100,False
7200,False
7300,False
7400,False
7500,False
7600,False
7700,False
7800,False
7900,False
8000,False
8100,False
8200,False
8300,False
8400,False
8500,False
8600,False
8700,False
8800,False
8900,False
9000,False
9100,False
9200,False
9300,False
9400,False
9500,False
9600,False
9700,False
9800,False
9900,False
10000,True
10100,True
10200,True
10300,True
10400,True
10500,True
10600,False
10700,True
10800,True
10900,True
11000,True
11100,True
11200,True
11300,True
11400,True
11500,True
11600,True
11700,True
11800,True
11900,True
12000,True
12100,True
12200,True
12300,True
12400,True
12500,True
12600,True
12700,True
12800,True
12900,True
13000,True
13100,True
13200,True
13300,True
13400,True
13500,True
13600,True
13700,True
13800,True
13900,True
14000,True
14100,True
14200,True
14300,True
14400,True
14500,True
14600,True
14700,True
14800,True
14900,True
15000,True
15100,True
15200,True
15300,True
15400,True
15500,True
15600,True
15700,True
15800,True
15900,True
16000,True
16100,True
16200,True
16300,True
16400,True
16500,True
16600,True
16700,True
16800,True
16900,True
17000,True
17100,True
17200,True
17300,True
17400,True
17500,True
17600,True
17700,True
17800,True
17900,False
18000,True
18100,True
18200,True
18300,True
18400,True
18500,True
18600,True
18700,True
18800,True
18900,True
19000,True
19100,True
19200,True
19300,True
19400,True
19500,True
19600,True
19700,True
19800,True
19900,True
20000,True
20100,True
20200,True
20300,True
20400,True
20500,True
20600,True
20700,True
20800,True
20900,True
21000,True
21100,True
21200,True
21300,True
21400,True
21500,True
21600,True
21700,True
21800,True
21900,True
22000,True
22100,True
22200,True
22300,True
22400,True
22500,True
22600,True
22700,True
22800,True
22900,True
23000,True
23100,True
23200,True
23300,True
23400,True
23500,True
23600,True
23700,True
23800,True
23900,True
24000,True
24100,True
24200,True
24300,True
24400,True
24500,True
24600,True
24700,False
24800,True
24900,True
25000,True
25100,True
25200,True
25300,True
25400,True
25500,True
25600,True
25700,True
25800,True
25900,True
26000,True
26100,True
26200,True
26300,True
26400,True
26500,True
26600,True
26700,True
26800,True
26900,True
27000,True
27100,True
27200,True
27300,True
27400,True
27500,True
27600,True
27700,True
27800,True
27900,True
28000,True
28100,True
28200,True
28300,True
28400,False
28500,True
28600,True
28700,True
28800,True
28900,True
29000,True
29100,True
29200,True
29300,True
29400,True
29500,True
29600,True
29700,True
29800,True
29900,True
30000,True
