source,target,magnitude,q25,q75,reverse,target_self_ratio
Majority_5,voting_isordered,0.027788033708930016,0.008308226242661476,0.036074500530958176,0.017666367813944817,0.6804713412785734
tribe_4_4,tribe_4_3,0.02316245064139366,0.016210395842790604,0.025902483612298965,0.01940412074327469,0.9145454865039364
parity_8,parity_5,0.022978371009230614,0.015238584950566292,0.02793072909116745,0.02047141268849373,0.6665700021699531
parity_5,parity_8,0.02047141268849373,0.012338051572442055,0.027283398434519768,0.022978371009230614,0.5020699496052788
tribe_4_3,tribe_4_4,0.01940412074327469,0.00784890353679657,0.02531377039849758,0.02316245064139366,0.6644905879054832
voting_isordered,Majority_5,0.017666367813944817,0.01711503230035305,0.018284743651747704,0.027788033708930016,0.8692018175181498
tribe_4_3,Majority_5,0.01764555275440216,0.00891544483602047,0.021895138546824455,0.012340046465396881,0.8681776971230144
tribe_4_4,Majority_5,0.015610069036483765,0.010840173810720444,0.01771601289510727,0.010349392890930176,0.7680299946764069
tribe_4_4,majority,0.014790376648306847,0.011629882268607616,0.016161413863301277,0.01047472469508648,0.7064192914849877
voting_isordered,Majority_8,0.01349536795169115,0.012855997309088707,0.014295362867414951,0.009581305086612701,0.46826052202539
Majority_5,tribe_4_3,0.012340046465396881,0.0049053216353058815,0.026642313227057457,0.01764555275440216,0.48723401391773163
Majority_8,parity_5,0.010600076988339424,0.007259089965373278,0.013548063114285469,0.009397555142641068,0.3074932221383635
majority,tribe_4_4,0.01047472469508648,0.004718102514743805,0.017339283600449562,0.014790376648306847,0.35870504326760083
Majority_5,tribe_4_4,0.010349392890930176,0.004334716126322746,0.02009257860481739,0.015610069036483765,0.354413078414932
Majority_8,voting_isordered,0.009581305086612701,0.002342426683753729,0.019718147814273834,0.01349536795169115,0.23462629964319306
parity_5,Majority_8,0.009397555142641068,0.0036357068456709385,0.013325543142855167,0.010600076988339424,0.3260751461247896
tribe_4_3,majority,0.00928883533924818,0.004148548934608698,0.011738307774066925,0.007058364804834127,0.4436541837373418
Majority_5,Majority_8,0.008961861953139305,0.007134823128581047,0.010585960932075977,0.006068929098546505,0.3109575205002555
parity_8,Majority_8,0.008269313722848892,0.004280428867787123,0.013262378983199596,0.008111080154776573,0.2869275720761438
Majority_8,parity_8,0.008111080154776573,0.006386191118508577,0.010241839103400707,0.008269313722848892,0.19892762978892836
majority,parity_5,0.007492290809750557,0.004162786528468132,0.010896663181483746,0.0038793969433754683,0.2173407461872367
Majority_5,majority,0.007475303485989571,0.004323579836636782,0.011112092062830925,0.005005989223718643,0.3570361132630472
tribe_4_3,parity_5,0.007331047672778368,0.004399766214191914,0.016913875937461853,0.002033414551988244,0.21266331112805575
majority,tribe_4_3,0.007058364804834127,0.0025390731170773506,0.012515904381871223,0.00928883533924818,0.27869225818546145
voting_isordered,majority,0.006126096472144127,0.004027778282761574,0.00679177138954401,0.0016301620053127408,0.2925951672715614
Majority_8,Majority_5,0.006068929098546505,0.004901689011603594,0.00866839848458767,0.008961861953139305,0.2985969871340236
tribe_4_3,Majority_8,0.005453316494822502,0.0036251568235456944,0.006615601014345884,0.004143317695707083,0.18921846649725899
majority,parity_8,0.00511543732136488,0.0032653301022946835,0.006555668544024229,0.0035397273022681475,0.12545823765206904
majority,Majority_5,0.005005989223718643,0.0028028832748532295,0.009325524792075157,0.007475303485989571,0.24629935126211497
voting_isordered,tribe_4_4,0.004525850992649794,0.003955235704779625,0.00503797410055995,0.0029005911201238632,0.15498694461179396
voting_isordered,tribe_4_3,0.004309887532144785,0.003793133422732353,0.004826326854526997,0.002456692745909095,0.1701714663481498
tribe_4_3,parity_8,0.004273039288818836,0.003036449197679758,0.006133255083113909,0.0020899991504848003,0.10479807393089606
Majority_8,tribe_4_3,0.004143317695707083,0.002082252409309149,0.0076952665112912655,0.005453316494822502,0.1635946280653491
parity_5,majority,0.0038793969433754683,0.0014323008945211768,0.0065292734652757645,0.007492290809750557,0.18528810356172007
Majority_5,parity_8,0.0035839478950947523,0.002809680299833417,0.005466991104185581,0.0031800461001694202,0.08789781958181829
parity_8,majority,0.0035397273022681475,0.0023300726898014545,0.00452180253341794,0.00511543732136488,0.16906477180245333
voting_isordered,parity_8,0.003432577010244131,0.0031532631255686283,0.003627209924161434,0.0011549157788977027,0.08418538538467203
parity_8,Majority_5,0.0031800461001694202,0.0018937179120257497,0.005871903151273727,0.0035839478950947523,0.15646124201472478
tribe_4_4,voting_isordered,0.0029005911201238632,0.0010264263255521655,0.004673267714679241,0.004525850992649794,0.07102946364201045
Majority_5,parity_5,0.0025531367864459753,0.001652493723668158,0.004365004599094391,0.0020254936534911394,0.07406288255150181
voting_isordered,parity_5,0.0025120580103248358,0.0021750754676759243,0.0027685256209224463,0.001144534326158464,0.0728712454299144
tribe_4_3,voting_isordered,0.002456692745909095,0.0011935008224099874,0.004715335089713335,0.004309887532144785,0.06015931265337712
parity_8,tribe_4_3,0.0020899991504848003,0.0012438639532774687,0.003385326126590371,0.004273039288818836,0.08252146197592193
parity_5,tribe_4_3,0.002033414551988244,0.0012713749893009663,0.0035302641335874796,0.007331047672778368,0.0802872774346635
parity_5,Majority_5,0.0020254936534911394,0.0010921943467110395,0.0027757524512708187,0.0025531367864459753,0.0996561819343696
Majority_8,majority,0.0017772044520825148,0.00131431024055928,0.00285491649992764,0.001690707984380424,0.08488299789226908
tribe_4_4,parity_8,0.001715733320452273,0.001432993565686047,0.0019124307436868548,0.0008297401363961399,0.04207907655634062
majority,Majority_8,0.001690707984380424,0.0011324344668537378,0.002451904583722353,0.0017772044520825148,0.05866396575420996
tribe_4_4,Majority_8,0.0016432037809863687,0.0008702625054866076,0.002459039445966482,0.0010507097467780113,0.05701567108308073
majority,voting_isordered,0.0016301620053127408,0.00040482927579432726,0.004418230149894953,0.006126096472144127,0.03991928820426218
tribe_4_4,parity_5,0.001520660356618464,0.0012068116338923573,0.0018537826836109161,0.0004867042589467019,0.04411220346315013
parity_8,voting_isordered,0.0011549157788977027,0.00019615540804807097,0.0024501716252416372,0.003432577010244131,0.028281493298957457
parity_5,voting_isordered,0.001144534326158464,0.0003432263038121164,0.0031350741628557444,0.0025120580103248358,0.028027273041997723
Majority_8,tribe_4_4,0.0010507097467780113,0.00030881326529197395,0.0024701368529349566,0.0016432037809863687,0.035981364298432746
parity_8,tribe_4_4,0.0008297401363961399,0.0003674158360809088,0.0016086054965853691,0.001715733320452273,0.02841430015496795
parity_5,tribe_4_4,0.0004867042589467019,0.00030066544422879815,0.000739739858545363,0.001520660356618464,0.01666709888288486
