,median_cosine
gradient_alignment/tribe_4_4_vs_voting_isordered,-0.019864079934174866
gradient_alignment/tribe_4_4_vs_Majority_8,0.01256703413895853
gradient_alignment/majority_vs_voting_isordered,0.021500824164238562
gradient_alignment/voting_isordered_vs_parity_8,0.04149509192017224
gradient_alignment/tribe_4_4_vs_parity_5,0.042759820762292226
gradient_alignment/parity_5_vs_voting_isordered,0.050391013238059876
gradient_alignment/tribe_4_4_vs_parity_8,0.05427259032559632
gradient_alignment/tribe_4_3_vs_voting_isordered,0.08384881910829722
gradient_alignment/majority_vs_Majority_8,0.08948515336064024
gradient_alignment/parity_5_vs_Majority_5,0.10538460026322792
gradient_alignment/tribe_4_3_vs_parity_8,0.12184826179795287
gradient_alignment/Majority_5_vs_parity_8,0.14275435597276964
gradient_alignment/majority_vs_parity_8,0.1476879785281872
gradient_alignment/tribe_4_3_vs_parity_5,0.1662550507736185
gradient_alignment/tribe_4_3_vs_Majority_8,0.21966191497390397
gradient_alignment/majority_vs_parity_5,0.22737903271898988
gradient_alignment/majority_vs_Majority_5,0.24360974433250693
gradient_alignment/parity_8_vs_Majority_8,0.26743342185943897
gradient_alignment/tribe_4_3_vs_majority,0.31005862954339014
gradient_alignment/parity_5_vs_Majority_8,0.32876322775206834
gradient_alignment/Majority_5_vs_Majority_8,0.3560790762738938
gradient_alignment/tribe_4_4_vs_Majority_5,0.40455598027465295
gradient_alignment/voting_isordered_vs_Majority_8,0.41210992772909305
gradient_alignment/tribe_4_4_vs_majority,0.45949535592351726
gradient_alignment/Majority_5_vs_voting_isordered,0.4997960509594289
gradient_alignment/parity_5_vs_parity_8,0.6518563712294178
gradient_alignment/tribe_4_3_vs_Majority_5,0.6703388453580423
gradient_alignment/tribe_4_4_vs_tribe_4_3,0.6898700860784001
