task_a,task_b,directions,loss_verified_directions,max_principal_cosine,source
tribe_21_1,tribe_10_2,0,,0.9894421926323622,Direction artifact
tribe_21_1,tribe_7_3,0,,0.9898510184995145,Direction artifact
tribe_21_1,tribe_5_4,0,,0.9767273118404026,Direction artifact
tribe_21_1,tribe_4_5,0,,0.9684053417191418,Direction artifact
tribe_21_1,tribe_3_6,0,,0.932368262727443,Direction artifact
tribe_21_1,tribe_3_7,0,,0.9157524622570957,Direction artifact
tribe_21_1,tribe_2_8,0,,0.7733113269969382,Direction artifact
tribe_10_2,tribe_7_3,0,,0.9722757949902604,Direction artifact
tribe_10_2,tribe_5_4,0,,0.9843935623371529,Direction artifact
tribe_10_2,tribe_4_5,0,,0.9659665847925596,Direction artifact
tribe_10_2,tribe_3_6,0,,0.956507311383157,Direction artifact
tribe_10_2,tribe_3_7,0,,0.9236069884709835,Direction artifact
tribe_10_2,tribe_2_8,0,,0.7885043009761825,Direction artifact
tribe_7_3,tribe_5_4,0,,0.9787353161467113,Direction artifact
tribe_7_3,tribe_4_5,0,,0.9489669336419226,Direction artifact
tribe_7_3,tribe_3_6,0,,0.9093768753929851,Direction artifact
tribe_7_3,tribe_3_7,0,,0.9037071852206064,Direction artifact
tribe_7_3,tribe_2_8,0,,0.7871545439114092,Direction artifact
tribe_5_4,tribe_4_5,0,,0.9622792450721931,Direction artifact
tribe_5_4,tribe_3_6,0,,0.9588344706678894,Direction artifact
tribe_5_4,tribe_3_7,0,,0.9393686706669472,Direction artifact
tribe_5_4,tribe_2_8,0,,0.8504236020220282,Direction artifact
tribe_4_5,tribe_3_6,0,,0.9785976530092158,Direction artifact
tribe_4_5,tribe_3_7,0,,0.9766210993656999,Direction artifact
tribe_4_5,tribe_2_8,0,,0.9324355313482292,Direction artifact
tribe_3_6,tribe_3_7,0,,0.987915407789645,Direction artifact
tribe_3_6,tribe_2_8,0,,0.982787961898496,Direction artifact
tribe_3_7,tribe_2_8,0,,0.9797114589422589,Direction artifact
